{
    "zeroDistance": [
        -2.1095919609069824,
        -1.5144810676574707,
        -1.4648884534835815
    ],
    "zeroVector": [
        -0.004090286528507201,
        0.00187652021096561,
        0.9999898740627389
    ],
    "axis": [
        0.02176136792296835,
        -0.9994070511664135,
        0.026683120975159746
    ],
    "axisDistances": [
        [
            2.4262213706970215,
            36.59550476074219,
            -32.25806427001953
        ],
        [
            0.7229071855545044,
            22.26134490966797,
            -21.010087966918945
        ],
        [
            -0.7667775750160217,
            10.114978790283203,
            -11.045793533325195
        ],
        [
            -2.100054979324341,
            -1.5163884162902832,
            -1.4973143339157104
        ],
        [
            -3.118610143661499,
            -12.998978614807129,
            8.045441627502441
        ],
        [
            -4.285943508148193,
            -25.149158477783203,
            18.353069305419922
        ],
        [
            -5.611591339111328,
            -38.91682052612305,
            29.98443603515625
        ]
    ]
}