{"zeroDistance": [-3.11098051071167, -10.423977851867676, 2.014221668243408], "zeroVector": [-0.10400801831354577, 0.0031770471573130737, 0.9945713843147959], "axis": [0.0023757426094418643, 0.9999956890159333, -0.0017256293352076353], "axisDistances": [[-8.495590209960938, 15.758995056152344, -37.01704406738281], [-7.623905181884766, 10.91418170928955, -29.883344650268555], [-6.71597957611084, 6.359294414520264, -23.1826229095459], [-5.825220108032227, 2.039017915725708, -16.695531845092773], [-4.9516282081604, -2.10768461227417, -10.41634750366211], [-3.9635913372039795, -6.315423965454102, -4.1600542068481445], [-3.0842766761779785, -10.477385520935059, 2.094332695007324], [-2.0809807777404785, -14.799570083618164, 8.566164016723633], [-1.1043885946273804, -19.308679580688477, 15.207754135131836], [0.2861110270023346, -23.77582550048828, 22.213661193847656], [1.3161107301712036, -28.73126983642578, 29.538103103637695], [2.6512954235076904, -34.03004455566406, 38.06802749633789]]}