{
    "zeroDistance": [
        1.8768882751464844,
        0.059129610657691956,
        0.21744437515735626
    ],
    "zeroVector": [
        4.5132216502717115e-05,
        -0.012923119722915752,
        -0.9999164919830608
    ],
    "axis": [
        -0.0028856359662590035,
        0.9999766820285534,
        0.006189386418357805
    ],
    "axisDistances": [
        [
            5.367442607879639,
            48.427154541015625,
            -44.1049690246582
        ],
        [
            4.251609802246094,
            33.14882278442383,
            -29.81658363342285
        ],
        [
            3.3570361137390137,
            20.392087936401367,
            -18.078401565551758
        ],
        [
            2.5063326358795166,
            8.884700775146484,
            -7.658238410949707
        ],
        [
            1.7109439373016357,
            -2.1706290245056152,
            2.1420178413391113
        ],
        [
            0.8583330512046814,
            -13.43195915222168,
            12.005218505859375
        ],
        [
            -0.0476851686835289,
            -25.664159774780273,
            22.4444580078125
        ]
    ]
}