{
    "zeroDistances": 0.7362591028213501,
    "zeroVector": [
        0.0019491862679616879,
        0.000751304808643306,
        0.9999978181046082
    ],
    "axis": [
        0.005468373442613607,
        0.9999558372733308,
        0.00764332354961557
    ]
}