{
    "zeroDistances": 0,
    "zeroVector": [
        -0.00611425608366793,
        -0.0008736206698945891,
        0.9999809261478283
    ],
    "axis": [
        [
            -0.5975938397745784
        ],
        [
            0.8008969343282453
        ],
        [
            0.0380224045411953
        ]
    ]
}