{
    "parallelRatio": [
        0.999996875014648,
        0.999984375366201,
        0.999996875014648
    ],
    "frontOffset": [
        -0.701985666666667,
        0.446594333333334,
        0.255391333333334
    ],
    "xyCoordinate": [
        [
            11.395000000000003,
            68
        ],
        [
            -48.789999999999990,
            -51.645000000000000
        ],
        [
            71.145000000000010,
            -52.500000000000000
        ]
    ]
}