{
    "parallelRatio": [
        1.0000218561715117,
        1.0057952947111755,
        1.0020428879153818
    ],
    "frontOffset": [
        0.25150800685479147,
        -0.33942761885126638,
        0.087919611996474467
    ],
    "xyCoordinate": [
        [
            -3.6817911842283593,
            118.16797073214433
        ],
        [
            -59.662968383581173,
            -1.4276567443114772
        ],
        [
            59.66296838358118,
            1.4276567443114772
        ]
    ],
    "portNum":[5,3,4]
}