{
    "parallelRatio": [
        1.0007456582571141,
        1.0007171736558431,
        1.0046036163022365
    ],
    "frontOffset": [
        -1.0565442600704302,
        0.50596502186445069,
        0.55057923820597965
    ],
    "xyCoordinate": [
        [
            -1.1075810361906235,
            118.42984409183514
        ],
        [
            -59.774998303280647,
            -0.38578489718737785
        ],
        [
            59.774998303280647,
            0.38578489718736364
        ]
    ],
    "portNum":[5,3,4]
}