{
    "parallelRatio": [
        1.0032464383880204,
        1.0006628010117244,
        1.0018212851273283
    ],
    "frontOffset": [
        -0.087369469061961524,
        0.044005986644371831,
        0.043363482417589694
    ],
    "xyCoordinate": [
        [
            -0.26299022917343962,
            119.68114118793503
        ],
        [
            -60.679538974097966,
            -0.064027064808072964
        ],
        [
            60.679538974097966,
            0.064027064808087175
        ]
    ]
}