{
    "parallelRatio": [
        1.0014067906026891,
        1.0034043795872891,
        1.0033546655127115
    ],
    "frontOffset": [
        -2.0612081167982765,
        1.0383145848524293,
        1.0228935319458614
    ],
    "xyCoordinate": [
        [
            12,
            53.75
        ],
        [
            -47.5,
            -65
        ],
        [
            72.5,
            -65
        ]
    ]
}