{
    "Angle": [
        0,
        0,
        0,
        0,
        0,
        0,
        0,
        0,
        0
    ],
    "T": [
        0,
        0,
        0,
        -58.66741726709002,
        118.81562898902251,
        0,
        60.88257933947127,
        118.04405919464777,
        0
    ],
    "portNum":[5,3,4]
}