{
    "Angle": [
        0.0,
        0.0,
        0.0,
        -0.014849701497724098,
        -0.061496400856938874,
        0.0,
        0.1155188990447887,
        -0.036473284148409744,
        0.0
    ],
    "T": [
        0.0,
        0.0,
        0.0,
        -62.94120862102083,
        118.29598480850608,
        0.27039810077755394,
        55.17960701967964,
        122.81267011227351,
        -5.636699392854585
    ],
    "portNum": [
        5,
        3,
        4
    ]
}