{
    "Angle": [
        0.0,
        0.0,
        0.0,
        -0.027593212754479766,
        -0.06372754955771118,
        0.0,
        0.12515617686407585,
        -0.033889896528989966,
        0.0
    ],
    "T": [
        0.0,
        0.0,
        0.0,
        -65.7621808558622,
        116.9777367096077,
        0.5611503866536962,
        52.12677376525728,
        124.12850717968188,
        -5.441807921665566
    ],
    "portNum": [
        5,
        3,
        4
    ]
}